<?xml version="1.0" encoding="UTF-8"?>
<!DOCTYPE mapper PUBLIC "-//mybatis.org//DTD Mapper 3.0//EN" 
"http://mybatis.org/dtd/mybatis-3-mapper.dtd">
<!--namespace는 중복안되게 유일키로 사용, dao에서 불러와 사용하는것인가? -->
<mapper namespace="board">

	<!-- 페이징처리 -->
	<select id="listPaging" resultType="kr.co.dong.board.BoardDTO">
		select *
		from board
		where bno>0 and del=0
		order by bno desc, regdate desc
		limit #{page}, 10
	</select>

	 <select id="listCriteria"  resultType="kr.co.dong.board.BoardDTO">
		select *
		from board
		where bno>0 and del=0
		order by bno desc, regdate desc
		limit #{pageStart}, #{perPageNum};
	</select>
	<!-- 전체 목록 수 -->
	<select id="maxnum" resultType="java.lang.Integer">
		select max(bno)
		from board
	</select>
	<!-- 전체조회 -->
	<select id="list" resultType="kr.co.dong.board.BoardDTO">
		select *
		from board
		where del=0
		order
		by bno desc
	</select>
	<!-- 선택조회 (글번호를 통한 조회) -->
	<select id="detail" parameterType="java.lang.Integer"
		resultType="kr.co.dong.board.BoardDTO">
		select *
		from board
		where bno = #{bno} and del=0;
	</select>
	<!-- 글 추가 -->
	<insert id="register" parameterType="kr.co.dong.board.BoardDTO">
		insert into
		board(title,content,id,readcnt,etc,del)
		values(#{title},#{content},#{id},0,#{etc},0)
	</insert>
	<!-- 글 수정 -->
	<update id="update" parameterType="kr.co.dong.board.BoardDTO">
		update board
		set
		title=#{title},
		content=#{content},
		id=#{id}
		where bno=#{bno} and del=0;
	</update>
	<!-- 글 삭제 -->
	<update id="delete">
		update board
		set
		del=1
		where bno=#{bno}
	</update>
	<!-- 조회수증가 -->
	<update id="updateReadCnt" parameterType="java.lang.Integer">
		update board
		set readcnt
		= readcnt+1
		where bno=#{bno}
	</update>
	<!--로그인 처리를 위한 SQL -->
	<!-- #이 있으면 dao에 전달할 값이 들어가야 한다 -->
	<select id="login" parameterType="java.util.Map"
		resultType="java.util.Map">
		select id, name
		from springuser
		where
		id=#{id} and
		password=#{password}
	</select>
	<!-- 댓글조회(게시글 기준으로) -->
	<select id="detail1" parameterType="java.lang.Integer"
		resultType="kr.co.dong.board.BoardReply">
		select *
		from
		board_reply
		where bno=#{bno}
	</select>
	<!-- 해당댓글조회 -->
	<select id="detailReply" parameterType="int"
		resultType="kr.co.dong.board.BoardReply">
		select *
		from board_reply
		where reno=#{reno}
	</select>
	<!-- 댓글작성 -->
	<insert id="reply" parameterType="kr.co.dong.board.BoardReply">
		insert into
		board_reply(rewriter, rememo, bno)
		values(#{rewriter}, #{rememo},
		#{bno})
	</insert>
	<!-- 댓글수정 -->
	<!--댓글번호가 없으면 해당글에대한 모든 댓글이 수정될거야.. -->
	<update id="replyupdate"
		parameterType="kr.co.dong.board.BoardReply">
		update board_reply
		set rewriter=#{rewriter},
		rememo=#{rememo}
		where reno=#{reno}
	</update>
	<!-- 댓글삭제 -->
	<delete id="replyDelete" parameterType="int">
		delete from board_reply
		where reno = #{reno}
	</delete>
</mapper>