<?xml version="1.0" encoding="UTF-8"?>
<beans xmlns="http://www.springframework.org/schema/beans"
	xmlns:xsi="http://www.w3.org/2001/XMLSchema-instance"
	xmlns:context="http://www.springframework.org/schema/context"
	xmlns:jdbc="http://www.springframework.org/schema/jdbc"
	xmlns:mybatis-spring="http://mybatis.org/schema/mybatis-spring"
	xmlns:tx="http://www.springframework.org/schema/tx"
	xmlns:aop="http://www.springframework.org/schema/aop"
	xsi:schemaLocation="http://www.springframework.org/schema/jdbc http://www.springframework.org/schema/jdbc/spring-jdbc-4.3.xsd
		http://mybatis.org/schema/mybatis-spring http://mybatis.org/schema/mybatis-spring-1.2.xsd
		http://www.springframework.org/schema/beans https://www.springframework.org/schema/beans/spring-beans.xsd
		http://www.springframework.org/schema/context http://www.springframework.org/schema/context/spring-context-4.3.xsd
		http://www.springframework.org/schema/aop http://www.springframework.org/schema/aop/spring-aop-4.3.xsd
		http://www.springframework.org/schema/tx http://www.springframework.org/schema/tx/spring-tx-4.3.xsd">

	<!-- Root Context: defines shared resources visible to all other web components -->

	<!--(라이브러리)DBCP = 히카리CP : 데이터베이스 컨넥션 풀/ 자동으로 연결해준다 -->
	<!-- HikariCP 데이터베이스 연동 -->
	<!-- <bean id="dataSource" name="dataSource" class="org.springframework.jdbc.datasource.DriverManagerDataSource"> 
		<property name="driverClassName" value="net.sf.log4jdbc.sql.jdbcapi.DriverSpy"></property> 
		<property name="url" value="jdbc:log4jdbc:mysql://127.0.0.1:3306/WebMarketDB?serverTimezone=UTC" 
		></property> <property name="username" value="root"></property> <property 
		name="password" value="12345"></property> </bean> -->

	<!-- MySQL dataSource -->
	<bean
		class="org.springframework.jdbc.datasource.DriverManagerDataSource"
		id="dataSourceSpied">
		<property value="com.mysql.cj.jdbc.Driver"
			name="driverClassName" />
		<property
			value="jdbc:mysql://localhost:3306/scott?serverTimezone=UTC"
			name="url" />
		<property value="root" name="username" />
		<property value="12345" name="password" />
	</bean>
	<!-- db Log추가 -->
	<bean id="dataSource"
		class="net.sf.log4jdbc.Log4jdbcProxyDataSource">
		<constructor-arg ref="dataSourceSpied" />
		<property name="logFormatter">
			<bean class="net.sf.log4jdbc.tools.Log4JdbcCustomFormatter">
				<property name="loggingType" value="MULTI_LINE" />
				<property name="sqlPrefix" value="SQL : " />
			</bean>
		</property>
	</bean>

	<!-- SQLfactory을 만들고 -->
	<!-- mybatis 연결 설정 / 파일이 없으면 404 에러 뜸 -->
	<bean id="sqlSessionFactory"
		class="org.mybatis.spring.SqlSessionFactoryBean">
		<!-- 데이터 소스를 참고해서 가지고 와라/ 데이터소스는 위에 자료 -->
		<property name="dataSource" ref="dataSource"></property>
		<!-- src/main/resources가 classpath자리이다 -->
		<property name="configLocation"
			value="classpath:/mybatis-config.xml"></property>
		<property name="mapperLocations"
			value="classpath:mappers/**/*Mapper.xml" />
	</bean>

	<!-- 위에서 만든 sqlfactory를 사용하기 위한 SQLSESSION을 만들고 만들고 -->
	<!-- mybatis 연결 설정 /DB 연결 & 종료 -->
	<bean id="sqlSession"
		class="org.mybatis.spring.SqlSessionTemplate"
		destroy-method="clearCache">
		<constructor-arg name="sqlSessionFactory"
			ref="sqlSessionFactory"></constructor-arg>
	</bean>

	<!-- 트랜젝션 매니저 -->
	<bean id="transactionManager"
		class="org.springframework.jdbc.datasource.DataSourceTransactionManager">
		<!-- ref : 데이터 소스를 참조하겠다 -->
		<property name="dataSource" ref="dataSource"></property>
	</bean>
	
	
	<tx:annotation-driven transaction-manager="transactionManager"/> 

	<context:component-scan base-package="kr.co.dong" />


</beans>